<?xml version="1.0" encoding="UTF-8" standalone="yes"?>
<addon id="repository.parami" name="[COLOR yellow]repositorio rincon gitano[/COLOR] Repo" version="1.0.0" provider-name="torete">
    <extension point="xbmc.addon.repository" name="rincon gitano ">
        <dir>
	<info compressed="false">https://raw.githubusercontent.com/elchoky38/repoparami/master/Repositorio/addons.xml</info>
        <checksum>https://raw.githubusercontent.com/elchoky38/repoparami/master/Repositorio/addons.xml.md5</checksum>
        <datadir zip="true">https://raw.githubusercontent.com/elchoky38/repoparami/master/Repositorio/</datadir>
		</dir>
		
		<dir>
		<info compressed="false">https://raw.githubusercontent.com/elchoky38/prueba/master/Repositorio/addons.xml</info>
        <checksum>https://raw.githubusercontent.com/elchoky38/prueba/master/Repositorio/addons.xml.md5</checksum>
        <datadir zip="true">https://raw.githubusercontent.com/elchoky38/prueba/master/Repositorio/</datadir>
		</dir>
    </extension>
    <extension point="xbmc.addon.metadata">
        <summary>Repositorio para los mios</summary>
        <description></description>
        <disclaimer></disclaimer>
        <platform>all</platform>
    </extension>
</addon>
